
-- Types of contribution someone can take part in a song
INSERT INTO Contribution
    VALUES ('Songwriter'),
           ('Guitarist'),
           ('Singer'),
           ('Pianist'),
           ('Vocals'),
           ('Drummer'),
           ('Keyboardist');

-- Each song in our DB: Broken up in a solo and duet version
INSERT INTO Song(TITLE,VERSION,PERFORMINGBAND)
    VALUES ('Starman','Duet', NULL),
           ('Starman','Solo', NULL),
           ('Space Oddity','Duet',NULL), 
           ('Space Oddity','Solo',NULL),
           ('Under Pressure','Duet','Queen'),
           ('Under Pressure','Solo', 'Queen'),
           ('Under Pressure (Cover)','Solo',NULL),
           ('Under Pressure (Cover)','Duet',NULL),
           ('Bohemian Rhapsody','Solo','Queen'),
          ('Bohemian Rhapsody','Duet','Queen'),
          ('Bohemian Rhapsody (Cover)','Solo','Panic! At The Disco'),
          ('Bohemian Rhapsody (Cover)','Duet','Panic! At The Disco'),
          ('Mr.Brightside','Solo','The Killers'),
          ('Mr.Brightside','Duet','The Killers'),
          ('Baby One More Time','Solo',NULL),
          ('Baby One More Time','Duet',NULL),
          ('Heartless','Duet',NULL),
          ('Heartless','Solo',NULL),
          ('Party In The U.S.A','Duet',NULL),
          ('Party In The U.S.A','Solo',NULL),
          ('Shake It Off','Duet',NULL),
          ('Shake It Off','Solo',NULL),
          ('Animals','Duet','Maroon 5'),
          ('Animals','Solo','Maroon 5'),
          ('Here Comes The Sun','Solo','The Beatles'),
          ('Here Comes The Sun','Duet','The Beatles'),
          ('Rolling In The Deep','Solo',NULL),
          ('Rolling In The Deep','Duet',NULL),
          ('Beat It','Solo',NULL),
          ('Beat It','Duet',NULL),
          ('Gold Digger','Solo',NULL),
          ('Gold Digger','Duet',NULL),
          ('Single Ladies','Solo',NULL),
          ('Single Ladies','Duet',NULL),
          ('Hey Jude','Solo','The Beatles'),
          ('Hey Jude','Duet','The Beatles'),
          ('Everything Has Changed','Solo',NULL),
          ('Everything Has Changed','Duet',NULL),
          ('Perfect','Solo',NULL),
          ('Perfect','Duet',NULL),
          ('Malibu','Solo',NULL),
          ('Malibu','Duet',NULL),
          ('Hotline Bling','Solo',NULL),
          ('Hotline Bling','Duet',NULL),
          ('Side to Side','Solo',NULL),
          ('Side to Side','Duet',NULL),
          ('Super Bass','Solo',NULL),
          ('Super Bass','Duet',NULL),
          ('You''ll Always Find Your Way Back Home','Solo',NULL),
          ('You''ll Always Find Your Way Back Home','Solo',NULL),
          ('Watermelon Sugar','Duet',NULL),
          ('Watermelon Sugar','Solo',NULL),
          ('WAP','Duet',NULL),
          ('WAP','Solo',NULL),
          ('The Good Ones','Solo',NULL),
          ('The Good Ones','Duet',NULL),
          ('Forever After All','Duet', NULL),
          ('Forever After All','Solo',NULL),
          ('Wonderwall','Solo','Oasis'),
          ('Wonderwall','Duet','Oasis');


--Every Individual who has taken part in the creation of the song
INSERT INTO Musician(NAME)
    VALUES ('David Bowie'),
           ('Mick Ronson'),
           ('Trevor Bolder'),
           ('Mick Woodmansey'),
           ('Mick Wayne'),
           ('Herbie Flowers'),
           ('Terry Cox'),
           ('Freddy Mercury'),
           ('Brian May'),
          ('Roger Taylor'),
          ('John Deacon'),
          ('Shawn Mendes'),
          ('Teddy Geiger'),
          ('Brendon Urie'),
          ('Dan Pawlovich'),
          ('Nicole Row'),
          ('Mike Narran'),
          ('Brandon Flowers'),
          ('Dave Keuning'),
          ('Mark Stoermer'),
          ('Ronnie Vannucci Jr.'),
          ('Britney Spears'),
          ('Max Martin'),
          ('Kanye West'),
          ('Malik Yusef Jones'),
          ('Scott Mescudi'),
          ('Ken Lewis'),
          ('Miley Cyrus'),
          ('Lukasz Gottwald'),
          ('Jessie J'),
          ('Claude Kelly'),
          ('Taylor Swift'),
          ('Shellback'),
          ('Adam Levine'),
          ('Jesse Carmichael'),
          ('James Valentine'),
          ('Matt Flynn'),
          ('PJ Morton'),
          ('Benjamin Levin'),
          ('George Harrison'),
          ('Ringo Starr'),
          ('Paul McCartney'),
          ('Adele'),
          ('Paul Epworth'),
          ('Neil Cowley'),
          ('Michael Jackson'),
          ('Jamie Foxx'),
          ('Ray Charles'),
          ('Renald Richard'),
          ('Beyonce'),
          ('Terius Nash'),
          ('Thaddis Harrell'),
          ('Christopher Stewart'),
          ('John Lennon'),
          ('Ed Sheeran'),
          ('Butch Walker'),
          ('Jake Sinclair'),
          ('Oren Yoel'),
          ('Paul Jefferies'),
          ('Timmy Thomas'),
          ('Drake'),
          ('Ariana Grande'),
          ('Nicki Minaj'),
          ('Ilya Salmanzadeh'),
          ('Savan Kotecha'),
          ('Alexander Kronlund'),
          ('Daniel Johnson'),
          ('Esther Dean'),
          ('Martin Johnson'),
          ('Harry Styles'),
          ('Mitch Rowland'),
          ('Tyler Johnson'),
          ('Kid Harpoon'),
          ('Cardi B'),
          ('Megan Thee Stallion'),
          ('Keyz'),
          ('Gabby Barrett'),
          ('Zach Kale'),
          ('Emily Landis'),
          ('Jim McCormick'),
          ('Luke Combs'),
          ('Drew Parker'),
          ('Rob Willford'),
          ('Liam Gallagher'),
          ('Noel Gallagher'),
          ('Paul Arthurs'),
          ('Alan White');

-- This data correlates the artist/contributor to a song
INSERT INTO MusicianArtistOfSong
    VALUES (1,1),(1,2),(2,1),(2,2),(3,1),(3,2),(4,1),(4,2),
           (1,3),(1,4),(5,3),(5,4),(6,3),(6,4),(7,3),(7,4),
           (1,5),(1,6),(8,5),(8,6),(9,5),(9,6),(10,5),(10,6),(11,5),(11,6), 
           (1,7),(1,8),(12,7),(12,8),(13,7),(13,8),
           (8,9),(8,10),(9,9),(9,10),(10,9),(10,10),(11,9),(11,10),
           (14,11),(14,12),(15,11),(15,12),(16,11),(16,12),(17,11),(17,12),
           (18,13),(18,14),(19,13),(19,14),(20,13),(20,14),(21,13),(21,14),
           (22,15),(22,16),(23,15),(23,16),
           (24,17),(24,18),(25,17),(25,18),(26,17),(26,18),(27,17),(27,18),
           (28,19),(28,20),(29,19),(29,20),(30,19),(30,20),(31,19),(31,20),
           (32,21),(32,22),(23,21),(23,22),(33,21),(33,22),
           (34,23),(34,24),(35,23),(35,24),(36,23),(36,24),(37,23),(37,24),(38,23),(38,24),(33,23),(33,24),(39,23),(39,24),
           (40,25),(40,26),(41,25),(41,26),(42,25),(42,26),
           (43,27),(43,28),(44,27),(44,28),(45,27),(45,28),
           (46,29),(46,30),
           (24,31),(24,32),(47,31),(47,32),(48,31),(48,32),(49,31),(49,32),
           (50,33),(50,34),(51,33),(51,34),(52,33),(52,34),(53,33),(53,34),
           (40,35),(40,36),(41,35),(41,36),(42,35),(42,36),(54,35),(54,36),
           (32,37),(32,38),(55,37),(55,38),(56,37),(56,38),(57,37),(57,38),
           (55,39),(55,40),
           (28,41),(28,42),(58,41),(58,42),
           (59,43),(59,44),(60,43),(60,44),(61,43),(61,44),
           (62,45),(62,46),(63,45),(63,46),(64,45),(64,46),(23,45),(23,46),(65,45),(65,46),(66,45),(66,46),
           (63,47),(63,48),(67,47),(67,48),(68,47),(68,48),
           (69,49),(69,50),(32,49),(32,50),(28,49),(28,50),
           (70,51),(70,52),(71,51),(71,52),(72,51),(72,52),(73,51),(73,52),
           (74,53),(74,54),(75,53),(75,54),(76,53),(76,54),
           (77,55),(77,56),(78,55),(78,56),(79,55),(79,56),(80,55),(80,56),
           (81,57),(81,58),(82,57),(82,58),(83,57),(83,58),
           (84,59),(84,60),(85,59),(85,60),(86,59),(86,60),(87,59),(87,60);
         

-- This data correlates what type of contribution that artis/contributor did for each song
INSERT INTO ContributedTo
    VALUES (1,1,'Songwriter'),(1,1,'Guitarist'),(1,1,'Singer'),
           (1,2,'Songwriter'),(1,2,'Guitarist'),(1,2,'Singer'),
           (2,1,'Guitarist'),(2,1,'Pianist'),(2,1,'Vocals'),
           (2,2,'Guitarist'),(2,2,'Pianist'),(2,2,'Vocals'),
           (3,1,'Guitarist'),(3,2,'Guitarist'),
           (4,1,'Drummer'),(4,2,'Drummer'),

           (1,3,'Singer'),(1,3,'Guitarist'),
           (1,4,'Singer'),(1,4,'Guitarist'),
           (5,3,'Guitarist'),(5,4,'Guitarist'),
           (6,3,'Guitarist'),(6,4,'Guitarist'),
           (7,3,'Drummer'),(7,4,'Drummer'),

           (1,5,'Singer'),(1,5,'Vocals'),(1,6,'Singer'),(1,6,'Vocals'), 
           (8,5,'Singer'),(8,5,'Vocals'),(8,5,'Pianist'),(8,6,'Singer'),(8,6,'Vocals'),(8,6,'Pianist'),
           (9,5,'Guitarist'),(9,6,'Guitarist'),
           (10,5,'Drummer'),(10,5,'Guitarist'),(10,6,'Drummer'),(10,6,'Guitarist'),
           (11,5,'Guitarist'),(11,6,'Guitarist'),

           (12,7,'Singer'),(12,8,'Singer'),
           (13,7,'Singer'),(13,8,'Singer'),
           
           (8,9,'Singer'),(8,9,'Vocals'),(8,9,'Pianist'),(8,9,'Songwriter'),(8,10,'Singer'),(8,10,'Vocals'),(8,10,'Pianist'),(8,10,'Songwriter'),
           (9,9,'Guitarist'),(9,9,'Vocals'),(9,10,'Guitarist'),(9,10,'Vocals'),
           (10,9,'Drummer'),(10,9,'Vocals'),(10,10,'Drummer'),(10,10,'Vocals'),
           (11,9,'Guitarist'),(11,10,'Guitarist'),
           
           (14,11,'Pianist'),(14,11,'Singer'),(14,11,'Guitarist'),(14,12,'Pianist'),(14,12,'Singer'),(14,12,'Guitarist'),
           (15,11,'Drummer'),(15,11,'Singer'),(15,12,'Drummer'),(15,12,'Singer'),
           (16,11,'Guitarist'),(16,11,'Singer'),(16,12,'Guitarist'),(16,12,'Singer'),
           (17,11,'Guitarist'),(17,11,'Singer'),(17,12,'Guitarist'),(17,12,'Singer'),

           (18,13,'Singer'),(18,13,'Songwriter'),(18,14,'Singer'),(18,14,'Songwriter'),
           (19,13,'Guitarist'),(19,13,'Songwriter'),(19,14,'Guitarist'),(19,14,'Songwriter'),
           (20,13,'Guitarist'),(20,13,'Songwriter'),(20,14,'Guitarist'),(20,14,'Songwriter'),
           (21,13,'Drummer'),(21,13,'Songwriter'),(21,14,'Drummer'),(21,14,'Songwriter'),

           (22,15,'Singer'),(22,16,'Singer'),
           (23,15,'Songwriter'),(23,16,'Songwriter'),

           (24,17,'Singer'),(24,17,'Songwriter'),(24,18,'Singer'),(24,18,'Songwriter'),
           (25,17,'Songwriter'),(25,18,'Songwriter'),
           (26,17,'Songwriter'),(26,18,'Songwriter'),
           (27,17,'Songwriter'),(27,18,'Songwriter'),

           (28,19,'Singer'),(28,20,'Singer'),
           (29,19,'Songwriter'),(29,20,'Songwriter'),
           (30,19,'Songwriter'),(30,20,'Songwriter'),
           (31,19,'Songwriter'),(31,20,'Songwriter'),

           (32,21,'Singer'),(32,21,'Songwriter'),(32,21,'Vocals'),(32,22,'Singer'),(32,22,'Songwriter'),(32,22,'Vocals'),
           (23,21,'Songwriter'),(23,21,'Keyboardist'),(23,22,'Songwriter'),(23,22,'Keyboardist'),
           (33,21,'Songwriter'),(33,21,'Guitarist'),(33,21,'Drummer'),(33,21,'Keyboardist'),(33,21,'Vocals'),(33,22,'Songwriter'),(33,22,'Guitarist'),(33,22,'Drummer'),(33,22,'Keyboardist'),(33,22,'Vocals'),

           (34,23,'Singer'),(34,23,'Songwriter'),(34,24,'Singer'),(34,24,'Songwriter'),
           (35,23,'Keyboardist'),(35,23,'Guitarist'),(35,24,'Keyboardist'),(35,24,'Guitarist'),
           (36,23,'Guitarist'),(36,24,'Guitarist'),
           (37,23,'Drummer'),(37,24,'Drummer'),
           (38,23,'Keyboardist'),(38,24,'Keyboardist'),
           (33,23,'Vocals'),(33,23,'Songwriter'),(33,24,'Vocals'),(33,24,'Songwriter'),
           (39,23,'Songwriter'),(39,24,'Songwriter'),

           (40,25,'Singer'),(40,25,'Guitarist'),(40,25,'Songwriter'),(40,25,'Vocals'),(40,26,'Singer'),(40,26,'Guitarist'),(40,26,'Songwriter'),(40,26,'Vocals'),
           (41,25,'Drummer'),(41,26,'Drummer'),
           (42,25,'Singer'),(42,25,'Guitarist'),(42,25,'Vocals'),(42,26,'Singer'),(42,26,'Guitarist'),(42,26,'Vocals'),
           (43,27,'Singer'),(43,27,'Songwriter'),(43,27,'Vocals'),(43,28,'Singer'),(43,28,'Songwriter'),(43,28,'Vocals'),
           (44,27,'Songwriter'),(44,27,'Guitarist'),(44,28,'Songwriter'),(44,28,'Guitarist'),
           (45,27,'Pianist'),(45,28,'Pianist'),

           (46,29,'Singer'),(46,29,'Songwriter'),(46,30,'Singer'),(46,30,'Songwriter'),

           (24,31,'Singer'),(24,31,'Songwriter'),(24,32,'Singer'),(24,32,'Songwriter'),
           (47,31,'Singer'),(47,32,'Singer'),
           (48,31,'Songwriter'),(48,32,'Songwriter'),
           (49,31,'Songwriter'),(49,32,'Songwriter'),

           (50,33,'Songwriter'),(50,33,'Singer'),(50,33,'Vocals'),(50,34,'Songwriter'),(50,34,'Singer'),(50,34,'Vocals'),
           (51,33,'Songwriter'),(51,34,'Songwriter'),
           (52,33,'Songwriter'),(52,34,'Songwriter'),
           (53,33,'Songwriter'),(53,34,'Songwriter'),

           (40,35,'Singer'),(40,35,'Songwriter'),(40,35,'Guitarist'),(40,36,'Singer'),(40,36,'Songwriter'),(40,36,'Guitarist'),
           (41,35,'Drummer'),(41,35,'Singer'),(41,36,'Drummer'),(41,36,'Singer'),
           (42,35,'Singer'),(42,35,'Guitarist'),(42,35,'Pianist'),(42,36,'Singer'),(42,36,'Guitarist'),(42,36,'Pianist'),
           (54,35,'Singer'),(54,35,'Guitarist'),(54,36,'Singer'),(54,36,'Guitarist'),

           (32,37,'Singer'),(32,37,'Songwriter'),(32,38,'Singer'),(32,38,'Songwriter'),
           (55,37,'Singer'),(55,37,'Songwriter'),(55,38,'Singer'),(55,38,'Songwriter'),
           (56,37,'Guitarist'),(56,37,'Keyboardist'),(56,37,'Drummer'),(56,37,'Vocals'),(56,38,'Guitarist'),(56,38,'Keyboardist'),(56,38,'Drummer'),(56,38,'Vocals'),
           (57,37,'Guitarist'),(57,37,'Vocals'),(57,38,'Guitarist'),(57,38,'Vocals'),
           
           (55,39,'Singer'),(55,39,'Songwriter'),(55,40,'Singer'),(55,40,'Songwriter'),
           
           (28,41,'Singer'),(28,41,'Songwriter'),(28,42,'Singer'),(28,42,'Songwriter'),
           (58,41,'Songwriter'),(58,42,'Songwriter'),

           (59,43,'Songwriter'),(59,44,'Songwriter'),
           (60,43,'Songwriter'),(60,44,'Songwriter'),
           (61,43,'Singer'),(61,43,'Songwriter'),(61,44,'Singer'),(61,44,'Songwriter'),

           (63,45,'Singer'),(63,45,'Songwriter'),(63,46,'Singer'),(63,46,'Songwriter'),
           (62,45,'Singer'),(62,45,'Songwriter'),(62,46,'Singer'),(62,46,'Songwriter'),
           (23,45,'Songwriter'),(23,45,'Keyboardist'),(23,45,'Guitarist'),(23,45,'Drummer'),(23,46,'Songwriter'),(23,46,'Keyboardist'),(23,46,'Guitarist'),(23,46,'Drummer'),
           (64,45,'Songwriter'),(64,45,'Keyboardist'),(64,45,'Guitarist'),(64,45,'Drummer'),(64,46,'Songwriter'),(64,46,'Keyboardist'),(64,46,'Guitarist'),(64,46,'Drummer'),
           (65,45,'Songwriter'),(65,45,'Vocals'),(65,46,'Songwriter'),(65,46,'Vocals'),
           (66,45,'Songwriter'),(66,46,'Songwriter'),
           
           (63,47,'Singer'),(63,47,'Songwriter'),(63,48,'Singer'),(63,48,'Songwriter'),
           (67,47,'Songwriter'),(67,48,'Songwriter'),
           (68,47,'Songwriter'),(68,47,'Vocals'),(68,48,'Songwriter'),(68,48,'Vocals'),

           (32,49,'Songwriter'),(32,50,'Songwriter'),
           (28,49,'Singer'),(28,50,'Singer'),
           (69,49,'Songwriter'),(69,50,'Songwriter'),

           (70,51,'Singer'),(70,51,'Songwriter'),(70,51,'Vocals'),(70,52,'Singer'),(70,52,'Songwriter'),(70,52,'Vocals'),
           (71,51,'Songwriter'),(71,51,'Drummer'),(71,51,'Guitarist'),(71,52,'Songwriter'),(71,52,'Drummer'),(71,52,'Guitarist'),
           (72,51,'Songwriter'),(72,51,'Keyboardist'),(72,51,'Vocals'),(72,52,'Songwriter'),(72,52,'Keyboardist'),(72,52,'Vocals'),
           (73,51,'Songwriter'),(73,51,'Vocals'),(73,51,'Guitarist'),(73,51,'Pianist'),(73,52,'Songwriter'),(73,52,'Vocals'),(73,52,'Guitarist'),(73,52,'Pianist'),
           
           (74,53,'Singer'),(74,53,'Songwriter'),(74,54,'Singer'),(74,54,'Songwriter'),
           (75,53,'Singer'),(75,53,'Songwriter'),(75,54,'Singer'),(75,54,'Songwriter'),
           (76,53,'Songwriter'),(76,54,'Songwriter'),

           (77,55,'Singer'),(77,55,'Songwriter'),(77,56,'Singer'),(77,56,'Songwriter'),
           (78,55,'Songwriter'),(78,56,'Songwriter'),
           (79,55,'Songwriter'),(79,56,'Songwriter'),
           (80,55,'Songwriter'),(80,56,'Songwriter'),

           (81,57,'Songwriter'),(81,57,'Singer'),(81,58,'Songwriter'),(81,58,'Singer'),
           (82,57,'Songwriter'),(82,58,'Songwriter'),
           (83,57,'Songwriter'),(83,58,'Songwriter'),

           (84,59,'Vocals'),(84,60,'Vocals'),
           (85,59,'Guitarist'),(85,59,'Pianist'),(85,59,'Keyboardist'),(85,59,'Songwriter'),(85,60,'Guitarist'),(85,60,'Pianist'),(85,60,'Keyboardist'),(85,60,'Songwriter'),
           (86,59,'Keyboardist'),(86,60,'Keyboardist'),
           (87,59,'Drummer'),(87,60,'Drummer');
           


INSERT INTO User(Name)
    VALUES ('Katie & Ryan'),
           ('Sam'),
           ('Kyle'),
           ('Addison'),
           ('Drake'),
           ('Vanessa & Veronica'),
           ('Dominic'),
           ('Evan'),
           ('Ron & Becca'),
           ('Jimmy');

INSERT INTO PaidRequest(TIME,PRICE,USERID,FILEID)
    VALUES ('2021-01-01 21:26:30',1.20,1,16),
           ('2021-01-01 21:35:12',5.50,2,29),
           ('2021-01-01 21:00:01',1.00,3,7),
           ('2021-01-01 22:30:55',4.25,4,24),
           ('2021-01-01 22:44:28',7.00,5,22);

INSERT INTO FreeRequest(TIME,USERID,FILEID)
    VALUES('2021-01-01 20:40:00',6,14),
          ('2021-01-01 20:57:50',7,20),
          ('2021-01-01 21:03:12',8,4),
          ('2021-01-01 21:19:56',9,19),
          ('2021-01-01 22:02:58',10,11);